model_tag	attempt_budget	metric	value
llama3.2_1b	1	Overlap@4	0.5357142857142857
llama3.2_1b	2	Overlap@4	0.6785714285714286
llama3.2_1b	3	Overlap@4	0.6785714285714286
llama3.2_1b	4	Overlap@4	0.6785714285714286
llama3.2_1b	5	Overlap@4	0.6785714285714286
llama3.2_1b	1	Recall@4	0.13392857142857142
llama3.2_1b	2	Recall@4	0.16964285714285715
llama3.2_1b	3	Recall@4	0.16964285714285715
llama3.2_1b	4	Recall@4	0.16964285714285715
llama3.2_1b	5	Recall@4	0.16964285714285715
llama3.2_1b	1	Hit@4	0.35714285714285715
llama3.2_1b	2	Hit@4	0.5357142857142857
llama3.2_1b	3	Hit@4	0.5357142857142857
llama3.2_1b	4	Hit@4	0.5357142857142857
llama3.2_1b	5	Hit@4	0.5357142857142857
llama3.2_1b	1	MRR	0.044642857142857144
llama3.2_1b	2	MRR	0.05654761904761905
llama3.2_1b	3	MRR	0.05654761904761905
llama3.2_1b	4	MRR	0.05654761904761905
llama3.2_1b	5	MRR	0.05654761904761905
llama3_2	1	Overlap@4	0.6071428571428571
llama3_2	2	Overlap@4	0.5357142857142857
llama3_2	3	Overlap@4	0.5357142857142857
llama3_2	4	Overlap@4	0.5357142857142857
llama3_2	5	Overlap@4	0.5357142857142857
llama3_2	1	Recall@4	0.15178571428571427
llama3_2	2	Recall@4	0.13392857142857142
llama3_2	3	Recall@4	0.13392857142857142
llama3_2	4	Recall@4	0.13392857142857142
llama3_2	5	Recall@4	0.13392857142857142
llama3_2	1	Hit@4	0.4642857142857143
llama3_2	2	Hit@4	0.39285714285714285
llama3_2	3	Hit@4	0.39285714285714285
llama3_2	4	Hit@4	0.39285714285714285
llama3_2	5	Hit@4	0.39285714285714285
llama3_2	1	MRR	0.038690476190476185
llama3_2	2	MRR	0.05357142857142857
llama3_2	3	MRR	0.05357142857142857
llama3_2	4	MRR	0.05357142857142857
llama3_2	5	MRR	0.05357142857142857
gemma2_2b_2	1	Overlap@4	0.7857142857142857
gemma2_2b_2	2	Overlap@4	0.7857142857142857
gemma2_2b_2	3	Overlap@4	0.7857142857142857
gemma2_2b_2	4	Overlap@4	0.7857142857142857
gemma2_2b_2	5	Overlap@4	0.7857142857142857
gemma2_2b_2	1	Recall@4	0.19642857142857142
gemma2_2b_2	2	Recall@4	0.19642857142857142
gemma2_2b_2	3	Recall@4	0.19642857142857142
gemma2_2b_2	4	Recall@4	0.19642857142857142
gemma2_2b_2	5	Recall@4	0.19642857142857142
gemma2_2b_2	1	Hit@4	0.5714285714285714
gemma2_2b_2	2	Hit@4	0.5714285714285714
gemma2_2b_2	3	Hit@4	0.5714285714285714
gemma2_2b_2	4	Hit@4	0.5714285714285714
gemma2_2b_2	5	Hit@4	0.5714285714285714
gemma2_2b_2	1	MRR	0.10416666666666666
gemma2_2b_2	2	MRR	0.10416666666666666
gemma2_2b_2	3	MRR	0.10416666666666666
gemma2_2b_2	4	MRR	0.10416666666666666
gemma2_2b_2	5	MRR	0.10416666666666666
gemma3_4b	1	Overlap@4	0.9642857142857143
gemma3_4b	2	Overlap@4	1.0
gemma3_4b	3	Overlap@4	1.0
gemma3_4b	4	Overlap@4	1.0
gemma3_4b	5	Overlap@4	1.0
gemma3_4b	1	Recall@4	0.24107142857142858
gemma3_4b	2	Recall@4	0.25
gemma3_4b	3	Recall@4	0.25
gemma3_4b	4	Recall@4	0.25
gemma3_4b	5	Recall@4	0.25
gemma3_4b	1	Hit@4	0.7142857142857143
gemma3_4b	2	Hit@4	0.75
gemma3_4b	3	Hit@4	0.75
gemma3_4b	4	Hit@4	0.75
gemma3_4b	5	Hit@4	0.75
gemma3_4b	1	MRR	0.19345238095238096
gemma3_4b	2	MRR	0.2172619047619048
gemma3_4b	3	MRR	0.2172619047619048
gemma3_4b	4	MRR	0.2172619047619048
gemma3_4b	5	MRR	0.2172619047619048
phi3_medium_run2	1	Overlap@4	0.8214285714285714
phi3_medium_run2	2	Overlap@4	0.8571428571428571
phi3_medium_run2	3	Overlap@4	0.8571428571428571
phi3_medium_run2	4	Overlap@4	0.8571428571428571
phi3_medium_run2	5	Overlap@4	0.8571428571428571
phi3_medium_run2	1	Recall@4	0.20535714285714285
phi3_medium_run2	2	Recall@4	0.21428571428571427
phi3_medium_run2	3	Recall@4	0.21428571428571427
phi3_medium_run2	4	Recall@4	0.21428571428571427
phi3_medium_run2	5	Recall@4	0.21428571428571427
phi3_medium_run2	1	Hit@4	0.5357142857142857
phi3_medium_run2	2	Hit@4	0.5714285714285714
phi3_medium_run2	3	Hit@4	0.5714285714285714
phi3_medium_run2	4	Hit@4	0.5714285714285714
phi3_medium_run2	5	Hit@4	0.5714285714285714
phi3_medium_run2	1	MRR	0.11607142857142858
phi3_medium_run2	2	MRR	0.1636904761904762
phi3_medium_run2	3	MRR	0.1636904761904762
phi3_medium_run2	4	MRR	0.1636904761904762
phi3_medium_run2	5	MRR	0.1636904761904762
qwen3_4b	1	Overlap@4	1.0714285714285714
qwen3_4b	2	Overlap@4	1.2142857142857142
qwen3_4b	3	Overlap@4	1.2857142857142858
qwen3_4b	4	Overlap@4	1.2857142857142858
qwen3_4b	5	Overlap@4	1.2857142857142858
qwen3_4b	1	Recall@4	0.26785714285714285
qwen3_4b	2	Recall@4	0.30357142857142855
qwen3_4b	3	Recall@4	0.32142857142857145
qwen3_4b	4	Recall@4	0.32142857142857145
qwen3_4b	5	Recall@4	0.32142857142857145
qwen3_4b	1	Hit@4	0.7142857142857143
qwen3_4b	2	Hit@4	0.7857142857142857
qwen3_4b	3	Hit@4	0.8214285714285714
qwen3_4b	4	Hit@4	0.8214285714285714
qwen3_4b	5	Hit@4	0.8214285714285714
qwen3_4b	1	MRR	0.2589285714285714
qwen3_4b	2	MRR	0.25297619047619047
qwen3_4b	3	MRR	0.2470238095238095
qwen3_4b	4	MRR	0.22916666666666666
qwen3_4b	5	MRR	0.22916666666666666
qwen2_5_3b	1	Overlap@4	0.75
qwen2_5_3b	2	Overlap@4	0.6785714285714286
qwen2_5_3b	3	Overlap@4	0.6785714285714286
qwen2_5_3b	4	Overlap@4	0.6785714285714286
qwen2_5_3b	5	Overlap@4	0.6785714285714286
qwen2_5_3b	1	Recall@4	0.1875
qwen2_5_3b	2	Recall@4	0.16964285714285715
qwen2_5_3b	3	Recall@4	0.16964285714285715
qwen2_5_3b	4	Recall@4	0.16964285714285715
qwen2_5_3b	5	Recall@4	0.16964285714285715
qwen2_5_3b	1	Hit@4	0.5714285714285714
qwen2_5_3b	2	Hit@4	0.5
qwen2_5_3b	3	Hit@4	0.5
qwen2_5_3b	4	Hit@4	0.5
qwen2_5_3b	5	Hit@4	0.5
qwen2_5_3b	1	MRR	0.13392857142857145
qwen2_5_3b	2	MRR	0.13392857142857145
qwen2_5_3b	3	MRR	0.13392857142857145
qwen2_5_3b	4	MRR	0.13392857142857145
qwen2_5_3b	5	MRR	0.13392857142857145
